municipality,subregion
Beverly,North Shore Task Force (NSTF)
Danvers,North Shore Task Force (NSTF)
Essex,North Shore Task Force (NSTF)
Gloucester,North Shore Task Force (NSTF)
Hamilton,North Shore Task Force (NSTF)
Ipswich,North Shore Task Force (NSTF)
Manchester-by-the-Sea,North Shore Task Force (NSTF)
Marblehead,North Shore Task Force (NSTF)
Middleton,North Shore Task Force (NSTF)
Nahant,North Shore Task Force (NSTF)
Peabody,North Shore Task Force (NSTF)
Rockport,North Shore Task Force (NSTF)
Salem,North Shore Task Force (NSTF)
Swampscott,North Shore Task Force (NSTF)
Topsfield,North Shore Task Force (NSTF)
Wenham,North Shore Task Force (NSTF)
Burlington,North Suburban Planning Council (NSPC)
Lynnfield,North Suburban Planning Council (NSPC)
North Reading,North Suburban Planning Council (NSPC)
Reading,North Suburban Planning Council (NSPC)
Stoneham,North Suburban Planning Council (NSPC)
Wakefield,North Suburban Planning Council (NSPC)
Wilmington,North Suburban Planning Council (NSPC)
Winchester,North Suburban Planning Council (NSPC)
Woburn,North Suburban Planning Council (NSPC)
Acton,Minuteman Advisory Group on Interlocal Coordination (MAGIC)
Bedford,Minuteman Advisory Group on Interlocal Coordination (MAGIC)
Bolton,Minuteman Advisory Group on Interlocal Coordination (MAGIC)
Boxborough,Minuteman Advisory Group on Interlocal Coordination (MAGIC)
Carlisle,Minuteman Advisory Group on Interlocal Coordination (MAGIC)
Concord,Minuteman Advisory Group on Interlocal Coordination (MAGIC)
Hudson,Minuteman Advisory Group on Interlocal Coordination (MAGIC)
Lexington,Minuteman Advisory Group on Interlocal Coordination (MAGIC)
Littleton,Minuteman Advisory Group on Interlocal Coordination (MAGIC)
Lincoln,Minuteman Advisory Group on Interlocal Coordination (MAGIC)
Maynard,Minuteman Advisory Group on Interlocal Coordination (MAGIC)
Stow,Minuteman Advisory Group on Interlocal Coordination (MAGIC)
Sudbury,Minuteman Advisory Group on Interlocal Coordination (MAGIC)
Framingham,MetroWest Regional Collaborative (MWRC)
Ashland,MetroWest Regional Collaborative (MWRC)
Holliston,MetroWest Regional Collaborative (MWRC)
Marlborough,MetroWest Regional Collaborative (MWRC)
Natick,MetroWest Regional Collaborative (MWRC)
Southborough,MetroWest Regional Collaborative (MWRC)
Wayland,MetroWest Regional Collaborative (MWRC)
Wellesley,MetroWest Regional Collaborative (MWRC)
Weston,MetroWest Regional Collaborative (MWRC)
Medway,SouthWest Advisory Planning Committee (SWAP)
Bellingham,SouthWest Advisory Planning Committee (SWAP)
Dover,SouthWest Advisory Planning Committee (SWAP)
Franklin,SouthWest Advisory Planning Committee (SWAP)
Hopkinton,SouthWest Advisory Planning Committee (SWAP)
Milford,SouthWest Advisory Planning Committee (SWAP)
Millis,SouthWest Advisory Planning Committee (SWAP)
Norfolk,SouthWest Advisory Planning Committee (SWAP)
Sherborn,SouthWest Advisory Planning Committee (SWAP)
Wrentham,SouthWest Advisory Planning Committee (SWAP)
Norwood,Three Rivers Interlocal Council (TRIC)
Canton,Three Rivers Interlocal Council (TRIC)
Dedham,Three Rivers Interlocal Council (TRIC)
Dover,Three Rivers Interlocal Council (TRIC)
Foxborough,Three Rivers Interlocal Council (TRIC)
Medfield,Three Rivers Interlocal Council (TRIC)
Milton,Three Rivers Interlocal Council (TRIC)
Needham,Three Rivers Interlocal Council (TRIC)
Randolph,Three Rivers Interlocal Council (TRIC)
Sharon,Three Rivers Interlocal Council (TRIC)
Walpole,Three Rivers Interlocal Council (TRIC)
Westwood,Three Rivers Interlocal Council (TRIC)
Rockland,South Shore Coalition (SSC)
Braintree,South Shore Coalition (SSC)
Cohasset,South Shore Coalition (SSC)
Hingham,South Shore Coalition (SSC)
Holbrook,South Shore Coalition (SSC)
Hull,South Shore Coalition (SSC)
Marshfield,South Shore Coalition (SSC)
Norwell,South Shore Coalition (SSC)
Scituate,South Shore Coalition (SSC)
Weymouth,South Shore Coalition (SSC)
Somerville,Inner Core Committee (ICC)
Arlington ,Inner Core Committee (ICC)
Brookline,Inner Core Committee (ICC)
Everett,Inner Core Committee (ICC)
Newton,Inner Core Committee (ICC)
Belmont,Inner Core Committee (ICC)
Boston,Inner Core Committee (ICC)
Cambridge,Inner Core Committee (ICC)
Chelsea,Inner Core Committee (ICC)
Lynn,Inner Core Committee (ICC)
Malden,Inner Core Committee (ICC)
Medford,Inner Core Committee (ICC)
Melrose,Inner Core Committee (ICC)
Milton,Inner Core Committee (ICC)
Quincy,Inner Core Committee (ICC)
Revere,Inner Core Committee (ICC)
Saugus,Inner Core Committee (ICC)
Waltham,Inner Core Committee (ICC)
Watertown,Inner Core Committee (ICC)
Winthrop,Inner Core Committee (ICC)
